{
    "prc": [
        {
            "precision": 0.4172661870503597,
            "recall": 1.0,
            "threshold": 0
        },
        {
            "precision": 0.6129032258064516,
            "recall": 0.3275862068965517,
            "threshold": 1
        }
    ]
}