{
    "train_score": 73.68421052631578,
    "test_score": 63.30935251798561,
    "roc_auc": 0.6675180928054492,
    "Logistic Accuracy": 0.6330935251798561
}